;Tweet;sentimen;step01;tokens;final_tokens;step02;ProcessedText
0;RT @FiersaBesari: Sampai jumpa, Kuala Lumpur â¤ï¸ https://t.co/mAwzEzIHfv;0;rt user sampai jumpa kuala lumpur comawzezihfv;['rt', 'user', 'sampai', 'jumpa', 'kuala', 'lumpur', 'comawzezihfv'];['rt', 'user', 'sampai', 'jumpa', 'kuala', 'lumpur', 'comawzezihfv'];rt user sampai jumpa kuala lumpur comawzezihfv;rt user jumpa kuala lumpur comawzezihfv
1;Terima kasih @AngkasaSpace @ELMIELMO untuk malam galau Indonesia bersama @FiersaBesari . Puas !â€¦ https://t.co/MWcUEpnAiG;0;terima kasih user user untuk malam galau indonesia bersama user puas comwcuepnaig;['terima', 'kasih', 'user', 'user', 'untuk', 'malam', 'galau', 'indonesia', 'bersama', 'user', 'puas', 'comwcuepnaig'];['terima', 'kasih', 'user', 'user', 'untuk', 'malam', 'galau', 'indonesia', 'bersama', 'user', 'puas', 'comwcuepnaig'];terima kasih user user untuk malam galau indonesia bersama user puas comwcuepnaig;terima kasih user user malam galau indonesia sama user puas comwcuepnaig
2;lovely ğŸ¤ğŸ«¶ Nangis ya sambil layan lagu. Real nangis masa lagu Temaram :,( Terima kasih @AngkasaSpace @ELMIELMO untukâ€¦ https://t.co/rtDCuT3iVO;1;lovely nangis ya sambil layan lagu real nangis masa lagu temaram terima kasih user user untuk cortdcut3ivo;['lovely', 'nangis', 'ya', 'sambil', 'layan', 'lagu', 'real', 'nangis', 'masa', 'lagu', 'temaram', 'terima', 'kasih', 'user', 'user', 'untuk', 'cortdcut3ivo'];['lovely', 'nangis', 'iya', 'sambil', 'layan', 'lagu', 'real', 'nangis', 'masa', 'lagu', 'temaram', 'terima', 'kasih', 'user', 'user', 'untuk', 'cortdcut3ivo'];lovely nangis iya sambil layan lagu real nangis masa lagu temaram terima kasih user user untuk cortdcut3ivo;lovely nang iya layan lagu real nang masa lagu temaram terima kasih user user cortdcut3ivo
3;"Tanda hadir! #FiersaBesariLiveinKL

Semoga bisa kembali lagi kesini @FiersaBesari â™¥ï¸ https://t.co/yYR05uueRjâ€¦ https://t.co/uJojg0XaXG";0;tanda hadir hashtag fiersa besari livein kl hashtag semoga bisa kembali lagi kesini user coyyr05uuerj coujojg0xaxg;['tanda', 'hadir', 'hashtag', 'fiersa', 'besari', 'livein', 'kl', 'hashtag', 'semoga', 'bisa', 'kembali', 'lagi', 'kesini', 'user', 'coyyr05uuerj', 'coujojg0xaxg'];['tanda', 'hadir', 'hashtag', 'fiersa', 'besari', 'livein', 'kalau', 'hashtag', 'semoga', 'bisa', 'kembali', 'lagi', 'kesini', 'user', 'coyyr05uuerj', 'coujojg0xaxg'];tanda hadir hashtag fiersa besari livein kalau hashtag semoga bisa kembali lagi kesini user coyyr05uuerj coujojg0xaxg;tanda hadir hashtag fiersa besar livein kalau hashtag moga kembali kesini user coyyr05uuerj coujojg0xaxg
4;Weyh best gila @FiersaBesari !!!! Makasih bang! https://t.co/tJzlADMMU9;1;weyh best gila user makasih bang cotjzladmmu9;['weyh', 'best', 'gila', 'user', 'makasih', 'bang', 'cotjzladmmu9'];['weyh', 'best', 'gila', 'user', 'makasih', 'bang', 'cotjzladmmu9'];weyh best gila user makasih bang cotjzladmmu9;weyh best gila user makasih bang cotjzladmmu9
5;Terima kasih @FiersaBesari #FiersaBesariliveinKL https://t.co/elqwttyUiVâ€¦ https://t.co/TPQEDuHKJ1;0;terima kasih user hashtag fiersa besarilivein kl hashtag coelqwttyuiv cotpqeduhkj1;['terima', 'kasih', 'user', 'hashtag', 'fiersa', 'besarilivein', 'kl', 'hashtag', 'coelqwttyuiv', 'cotpqeduhkj1'];['terima', 'kasih', 'user', 'hashtag', 'fiersa', 'besarilivein', 'kalau', 'hashtag', 'coelqwttyuiv', 'cotpqeduhkj1'];terima kasih user hashtag fiersa besarilivein kalau hashtag coelqwttyuiv cotpqeduhkj1;terima kasih user hashtag fiersa besarilivein kalau hashtag coelqwttyuiv cotpqeduhkj1
6;RT @FiersaBesari: Sampai jumpa, Kuala Lumpur â¤ï¸ https://t.co/mAwzEzIHfv;0;rt user sampai jumpa kuala lumpur comawzezihfv;['rt', 'user', 'sampai', 'jumpa', 'kuala', 'lumpur', 'comawzezihfv'];['rt', 'user', 'sampai', 'jumpa', 'kuala', 'lumpur', 'comawzezihfv'];rt user sampai jumpa kuala lumpur comawzezihfv;rt user jumpa kuala lumpur comawzezihfv
7;"RT @FiersaBesari: â€œAku hanya seorang pengecut sedang jatuh hati, memberi perhatian tapi bukan kepastianâ€
.
Barusan waktu check sound, mencoâ€¦";1;rt user aku hanya seorang pengecut sedang jatuh hati memberi perhatian tapi bukan kepastian barusan waktu check sound menco;['rt', 'user', 'aku', 'hanya', 'seorang', 'pengecut', 'sedang', 'jatuh', 'hati', 'memberi', 'perhatian', 'tapi', 'bukan', 'kepastian', 'barusan', 'waktu', 'check', 'sound', 'menco'];['rt', 'user', 'aku', 'hanya', 'seorang', 'pengecut', 'sedang', 'jatuh', 'hati', 'memberi', 'perhatian', 'tapi', 'bukan', 'kepastian', 'barusan', 'waktu', 'check', 'sound', 'menco'];rt user aku hanya seorang pengecut sedang jatuh hati memberi perhatian tapi bukan kepastian barusan waktu check sound menco;rt user aku orang kecut sedang jatuh hati beri perhati bukan pasti barusan waktu check sound menco
8;@FiersaBesari apa yg saya punya sekarang itu yg saya pakai suporrt terus bang;0;user apa yg saya punya sekarang itu yg saya pakai suporrt terus bang;['user', 'apa', 'yg', 'saya', 'punya', 'sekarang', 'itu', 'yg', 'saya', 'pakai', 'suporrt', 'terus', 'bang'];['user', 'apa', 'yang', 'saya', 'punya', 'sekarang', 'itu', 'yang', 'saya', 'pakai', 'suporrt', 'terus', 'bang'];user apa yang saya punya sekarang itu yang saya pakai suporrt terus bang;user apa punya sekarang yang saya pakai suporrt terus bang
9;Jangan lupa saling tunjuk sana sini https://t.co/WJQHA5BRJj;0;jangan lupa saling tunjuk sana sini cowjqha5brjj;['jangan', 'lupa', 'saling', 'tunjuk', 'sana', 'sini', 'cowjqha5brjj'];['jangan', 'lupa', 'saling', 'tunjuk', 'sana', 'sini', 'cowjqha5brjj'];jangan lupa saling tunjuk sana sini cowjqha5brjj;jangan lupa saling tunjuk sana sini cowjqha5brjj
10;RT @FiersaBesari: â€œTertawa lagi, tutupi sakit. Terasa sesak hingga tangis pun meledak. Ingin teriak, ingin didengar. Namun tersadar, tiadaâ€¦;0;rt user tertawa lagi tutupi sakit terasa sesak hingga tangis pun meledak ingin teriak ingin didengar namun tersadar tiada;['rt', 'user', 'tertawa', 'lagi', 'tutupi', 'sakit', 'terasa', 'sesak', 'hingga', 'tangis', 'pun', 'meledak', 'ingin', 'teriak', 'ingin', 'didengar', 'namun', 'tersadar', 'tiada'];['rt', 'user', 'tertawa', 'lagi', 'tutupi', 'sakit', 'terasa', 'sesak', 'hingga', 'tangis', 'pun', 'meledak', 'ingin', 'teriak', 'ingin', 'didengar', 'namun', 'tersadar', 'tiada'];rt user tertawa lagi tutupi sakit terasa sesak hingga tangis pun meledak ingin teriak ingin didengar namun tersadar tiada;rt user tertawa tutup sakit asa sesak hingga tangis ledak teriak dengar sadar tiada
11;terimakasih bung @FiersaBesari lagunya sgt mendeskripsikan sayaaaa ğŸ˜­ğŸ˜­ğŸ˜­ https://t.co/NhfBITSyOj;0;terimakasih bung user lagunya sgt mendeskripsikan sayaaaa conhfbitsyoj;['terimakasih', 'bung', 'user', 'lagunya', 'sgt', 'mendeskripsikan', 'sayaaaa', 'conhfbitsyoj'];['terimakasih', 'bung', 'user', 'lagunya', 'sangat', 'mendeskripsikan', 'sayaaaa', 'conhfbitsyoj'];terimakasih bung user lagunya sangat mendeskripsikan sayaaaa conhfbitsyoj;terimakasih bung user lagu sangat deskripsi sayaaaa conhfbitsyoj
12;ya allah lewat beginian, bung @FiersaBesari entar pas fisteria di malang bawain nadir yaa. aku ingin menangis sebanâ€¦ https://t.co/gzFs6kPvio;0;ya allah lewat beginian bung user entar pas fisteria di malang bawain nadir yaa aku ingin menangis seban cogzfs6kpvio;['ya', 'allah', 'lewat', 'beginian', 'bung', 'user', 'entar', 'pas', 'fisteria', 'di', 'malang', 'bawain', 'nadir', 'yaa', 'aku', 'ingin', 'menangis', 'seban', 'cogzfs6kpvio'];['iya', 'allah', 'lewat', 'beginian', 'bung', 'user', 'entar', 'cocok', 'fisteria', 'di', 'malang', 'bawain', 'nadir', 'iya', 'aku', 'ingin', 'menangis', 'seban', 'cogzfs6kpvio'];iya allah lewat beginian bung user entar cocok fisteria di malang bawain nadir iya aku ingin menangis seban cogzfs6kpvio;iya allah lewat begini bung user entar cocok fisteria malang bawain nadir iya aku menang ban cogzfs6kpvio
13;@FiersaBesari Dih gimana dong balik nyağŸ˜‘;0;user dih gimana dong balik nya;['user', 'dih', 'gimana', 'dong', 'balik', 'nya'];['user', 'dih', 'bagaimana', 'dong', 'balik', 'nya'];user dih bagaimana dong balik nya;user dih bagaimana dong balik nya
14;@FiersaBesari Ingin nya tuh kalo marah ya beneran marah emosi bukan nya nangis lemah bgt sih anjirr;0;user ingin nya tuh kalo marah ya beneran marah emosi bukan nya nangis lemah bgt sih anjirr;['user', 'ingin', 'nya', 'tuh', 'kalo', 'marah', 'ya', 'beneran', 'marah', 'emosi', 'bukan', 'nya', 'nangis', 'lemah', 'bgt', 'sih', 'anjirr'];['user', 'ingin', 'nya', 'itu', 'kalau', 'marah', 'iya', 'serius', 'marah', 'emosi', 'bukan', 'nya', 'nangis', 'lemah', 'banget', 'sih', 'anjirr'];user ingin nya itu kalau marah iya serius marah emosi bukan nya nangis lemah banget sih anjirr;user nya kalau marah iya serius marah emosi bukan nya nang lemah banget sih anjirr
15;Lihat story-story Bung @FiersaBesari manggung di Kuala Lumpur, makin  bangga banget sama Bung, sukses terus kesayanâ€¦ https://t.co/O8b6KOOn2H;0;lihat story story bung user manggung di kuala lumpur makin bangga banget sama bung sukses terus kesayan coo8b6koon2h;['lihat', 'story', 'story', 'bung', 'user', 'manggung', 'di', 'kuala', 'lumpur', 'makin', 'bangga', 'banget', 'sama', 'bung', 'sukses', 'terus', 'kesayan', 'coo8b6koon2h'];['lihat', 'story', 'story', 'bung', 'user', 'manggung', 'di', 'kuala', 'lumpur', 'makin', 'bangga', 'banget', 'sama', 'bung', 'sukses', 'terus', 'kesayan', 'coo8b6koon2h'];lihat story story bung user manggung di kuala lumpur makin bangga banget sama bung sukses terus kesayan coo8b6koon2h;lihat story story bung user manggung kuala lumpur makin bangga banget sama bung sukses terus kesayan coo8b6koon2h
16;My cinta videocall me while dia tengah kerja untuk layan @FiersaBesari sama-sama walaupun hanya dgn videocall but sâ€¦ https://t.co/dpckQJOLJy;0;my cinta videocall me while dia tengah kerja untuk layan user sama sama walaupun hanya dgn videocall but codpckqjoljy;['my', 'cinta', 'videocall', 'me', 'while', 'dia', 'tengah', 'kerja', 'untuk', 'layan', 'user', 'sama', 'sama', 'walaupun', 'hanya', 'dgn', 'videocall', 'but', 'codpckqjoljy'];['my', 'cinta', 'videocall', 'saya', 'while', 'dia', 'tengah', 'kerja', 'untuk', 'layan', 'user', 'sama', 'sama', 'walaupun', 'hanya', 'dengan', 'videocall', 'but', 'codpckqjoljy'];my cinta videocall saya while dia tengah kerja untuk layan user sama sama walaupun hanya dengan videocall but codpckqjoljy;my cinta videocall while tengah kerja layan user sama sama walaupun dengan videocall but codpckqjoljy
17;"Baca satu satu duluğŸ“š
@katadochi 
@FiersaBesari 
@jasonranti https://t.co/pWIOGq8ACF";0;baca satu satu dulu user user user copwiogq8acf;['baca', 'satu', 'satu', 'dulu', 'user', 'user', 'user', 'copwiogq8acf'];['baca', 'satu', 'satu', 'dulu', 'user', 'user', 'user', 'copwiogq8acf'];baca satu satu dulu user user user copwiogq8acf;baca satu satu dulu user user user copwiogq8acf
18;@FiersaBesari ikhlas itu bohong yang ada hanya terpaksa lalu terbiasa...;0;user ikhlas itu bohong yang ada hanya terpaksa lalu terbiasa;['user', 'ikhlas', 'itu', 'bohong', 'yang', 'ada', 'hanya', 'terpaksa', 'lalu', 'terbiasa'];['user', 'ikhlas', 'itu', 'bohong', 'yang', 'ada', 'hanya', 'terpaksa', 'lalu', 'terbiasa'];user ikhlas itu bohong yang ada hanya terpaksa lalu terbiasa;user ikhlas bohong ada paksa lalu biasa
19;"@FiersaBesari maaf, 
tak bisa berkata banyak
suara habis
tadi malam ku teriaki langit 
dengan namamu

â€” Kerei";0;user maaf tak bisa berkata banyak suara habis tadi malam ku teriaki langit dengan namamu kerei;['user', 'maaf', 'tak', 'bisa', 'berkata', 'banyak', 'suara', 'habis', 'tadi', 'malam', 'ku', 'teriaki', 'langit', 'dengan', 'namamu', 'kerei'];['user', 'maaf', 'tak', 'bisa', 'berkata', 'banyak', 'suara', 'habis', 'tadi', 'malam', 'ku', 'teriaki', 'langit', 'dengan', 'namamu', 'kerei'];user maaf tak bisa berkata banyak suara habis tadi malam ku teriaki langit dengan namamu kerei;user maaf tak kata banyak suara habis tadi malam ku riak langit nama kere
20;@FiersaBesari ingin di ungkit tapi terlalu sakit;0;user ingin di ungkit tapi terlalu sakit;['user', 'ingin', 'di', 'ungkit', 'tapi', 'terlalu', 'sakit'];['user', 'ingin', 'di', 'ungkit', 'tapi', 'terlalu', 'sakit'];user ingin di ungkit tapi terlalu sakit;user di ungkit terlalu sakit
21;@FiersaBesari tuhan: mau lu apa si nyet?;0;user tuhan mau lu apa si nyet;['user', 'tuhan', 'mau', 'lu', 'apa', 'si', 'nyet'];['user', 'tuhan', 'mau', 'kamu', 'apa', 'sih', 'nyet'];user tuhan mau kamu apa sih nyet;user tuhan mau kamu apa sih nyet
22;wishlist: nonton konser fiersa besari tp jan mahal mahal ğŸ™ğŸ» https://t.co/2DkdulWWmE;0;wishlist nonton konser fiersa besari tp jan mahal mahal co2dkdulwwme;['wishlist', 'nonton', 'konser', 'fiersa', 'besari', 'tp', 'jan', 'mahal', 'mahal', 'co2dkdulwwme'];['wishlist', 'nonton', 'konser', 'fiersa', 'besari', 'tapi', 'jan', 'mahal', 'mahal', 'co2dkdulwwme'];wishlist nonton konser fiersa besari tapi jan mahal mahal co2dkdulwwme;wishlist nonton konser fiersa besar jan mahal mahal co2dkdulwwme
23;@neptunuuusss @FiersaBesari Iyanih;0;user user iyanih;['user', 'user', 'iyanih'];['user', 'user', 'iyanih'];user user iyanih;user user iyanih
24;"@sitiistikomah__ @FiersaBesari Wah kereenn..
Di malay yak";0;user user wah kereenn di malay yak;['user', 'user', 'wah', 'kereenn', 'di', 'malay', 'yak'];['user', 'user', 'wah', 'kereenn', 'di', 'malay', 'iya'];user user wah kereenn di malay iya;user user wah kereenn malay iya
25;@starfess @FiersaBesari susah2 ngemis centang biru, sekarang disuruh bayar bung wkwk;0;user user susah2 ngemis centang biru sekarang disuruh bayar bung wkwk;['user', 'user', 'susah2', 'ngemis', 'centang', 'biru', 'sekarang', 'disuruh', 'bayar', 'bung', 'wkwk'];['user', 'user', 'susah2', 'ngemis', 'centang', 'biru', 'sekarang', 'disuruh', 'bayar', 'bung', 'wkwk'];user user susah2 ngemis centang biru sekarang disuruh bayar bung wkwk;user user susah2 ngemis centang biru sekarang suruh bayar bung wkwk
26;RT @FiersaBesari: Sampai jumpa, Kuala Lumpur â¤ï¸ https://t.co/mAwzEzIHfv;0;rt user sampai jumpa kuala lumpur comawzezihfv;['rt', 'user', 'sampai', 'jumpa', 'kuala', 'lumpur', 'comawzezihfv'];['rt', 'user', 'sampai', 'jumpa', 'kuala', 'lumpur', 'comawzezihfv'];rt user sampai jumpa kuala lumpur comawzezihfv;rt user jumpa kuala lumpur comawzezihfv
27;RT @FiersaBesari: â€œTertawa lagi, tutupi sakit. Terasa sesak hingga tangis pun meledak. Ingin teriak, ingin didengar. Namun tersadar, tiadaâ€¦;0;rt user tertawa lagi tutupi sakit terasa sesak hingga tangis pun meledak ingin teriak ingin didengar namun tersadar tiada;['rt', 'user', 'tertawa', 'lagi', 'tutupi', 'sakit', 'terasa', 'sesak', 'hingga', 'tangis', 'pun', 'meledak', 'ingin', 'teriak', 'ingin', 'didengar', 'namun', 'tersadar', 'tiada'];['rt', 'user', 'tertawa', 'lagi', 'tutupi', 'sakit', 'terasa', 'sesak', 'hingga', 'tangis', 'pun', 'meledak', 'ingin', 'teriak', 'ingin', 'didengar', 'namun', 'tersadar', 'tiada'];rt user tertawa lagi tutupi sakit terasa sesak hingga tangis pun meledak ingin teriak ingin didengar namun tersadar tiada;rt user tertawa tutup sakit asa sesak hingga tangis ledak teriak dengar sadar tiada
28;"#NowPlayingOnDMSFM Garis Terdepan - @FiersaBesari 
#GITAINDAHPLUS";0;hashtag now playing on dmsfm hashtag garis terdepan user hashtag gitaindahplus hashtag;['hashtag', 'now', 'playing', 'on', 'dmsfm', 'hashtag', 'garis', 'terdepan', 'user', 'hashtag', 'gitaindahplus', 'hashtag'];['hashtag', 'now', 'playing', 'on', 'dmsfm', 'hashtag', 'garis', 'terdepan', 'user', 'hashtag', 'gitaindahplus', 'hashtag'];hashtag now playing on dmsfm hashtag garis terdepan user hashtag gitaindahplus hashtag;hashtag now playing on dmsfm hashtag garis depan user hashtag gitaindahplus hashtag
29;"RT @nurulnyung_: @FiersaBesari Tidak saling menuntut namun sama-sama mengerti kekurangan diri dan senantiasa berusaha memperbaiki.
Tidak haâ€¦";0;rt user user tidak saling menuntut namun sama sama mengerti kekurangan diri dan senantiasa berusaha memperbaiki tidak ha;['rt', 'user', 'user', 'tidak', 'saling', 'menuntut', 'namun', 'sama', 'sama', 'mengerti', 'kekurangan', 'diri', 'dan', 'senantiasa', 'berusaha', 'memperbaiki', 'tidak', 'ha'];['rt', 'user', 'user', 'tidak', 'saling', 'menuntut', 'namun', 'sama', 'sama', 'mengerti', 'kekurangan', 'diri', 'dan', 'senantiasa', 'berusaha', 'memperbaiki', 'tidak', 'ha'];rt user user tidak saling menuntut namun sama sama mengerti kekurangan diri dan senantiasa berusaha memperbaiki tidak ha;rt user user saling tuntut sama sama erti kurang diri senantiasa usaha baik ha
30;RT @telurologist: Jumpa kawan jap @FiersaBesari kat #FiersabesariliveinKL https://t.co/jCWuenHQaS;0;rt user jumpa kawan jap user kat hashtag fiersabesarilivein kl hashtag cojcwuenhqas;['rt', 'user', 'jumpa', 'kawan', 'jap', 'user', 'kat', 'hashtag', 'fiersabesarilivein', 'kl', 'hashtag', 'cojcwuenhqas'];['rt', 'user', 'jumpa', 'kawan', 'jap', 'user', 'kat', 'hashtag', 'fiersabesarilivein', 'kalau', 'hashtag', 'cojcwuenhqas'];rt user jumpa kawan jap user kat hashtag fiersabesarilivein kalau hashtag cojcwuenhqas;rt user jumpa kawan jap user kat hashtag fiersabesarilivein kalau hashtag cojcwuenhqas
31;RT @yshqlz: Depan stage pergi sendiri. Jumpa member baru. Canâ€™t wait @FiersaBesari  @AngkasaSpace @ELMIELMO #FiersaBesariLiveinKL https://tâ€¦;0;rt user depan stage pergi sendiri jumpa member baru can wait user user user hashtag fiersa besari livein kl hashtag https;['rt', 'user', 'depan', 'stage', 'pergi', 'sendiri', 'jumpa', 'member', 'baru', 'can', 'wait', 'user', 'user', 'user', 'hashtag', 'fiersa', 'besari', 'livein', 'kl', 'hashtag', 'https'];['rt', 'user', 'depan', 'stage', 'pergi', 'sendiri', 'jumpa', 'member', 'baru', 'can', 'wait', 'user', 'user', 'user', 'hashtag', 'fiersa', 'besari', 'livein', 'kalau', 'hashtag', 'https'];rt user depan stage pergi sendiri jumpa member baru can wait user user user hashtag fiersa besari livein kalau hashtag https;rt user depan stage pergi sendiri jumpa member baru can wait user user user hashtag fiersa besar livein kalau hashtag https
32;@FiersaBesari Aku tungguin kamu disini ya;0;user aku tungguin kamu disini ya;['user', 'aku', 'tungguin', 'kamu', 'disini', 'ya'];['user', 'aku', 'tungguin', 'kamu', 'disini', 'iya'];user aku tungguin kamu disini iya;user aku tungguin kamu sini iya
33;"RT @nazmrd: â€œPasti kau temukan aku di Garis terdepan..â€

@FiersaBesari @ELMIELMO #FiersaBesariLiveInKL #healingbersamabung https://t.co/1sfâ€¦";0;rt user pasti kau temukan aku di garis terdepan user user hashtag fiersa besari live in kl hashtag hashtag healing bersama bung hashtag co1sf;['rt', 'user', 'pasti', 'kau', 'temukan', 'aku', 'di', 'garis', 'terdepan', 'user', 'user', 'hashtag', 'fiersa', 'besari', 'live', 'in', 'kl', 'hashtag', 'hashtag', 'healing', 'bersama', 'bung', 'hashtag', 'co1sf'];['rt', 'user', 'pasti', 'kau', 'temukan', 'aku', 'di', 'garis', 'terdepan', 'user', 'user', 'hashtag', 'fiersa', 'besari', 'live', 'in', 'kalau', 'hashtag', 'hashtag', 'healing', 'bersama', 'bung', 'hashtag', 'co1sf'];rt user pasti kau temukan aku di garis terdepan user user hashtag fiersa besari live in kalau hashtag hashtag healing bersama bung hashtag co1sf;rt user kau temu aku garis depan user user hashtag fiersa besar live in kalau hashtag hashtag healing sama bung hashtag co1sf
34;"kadang kala tak mengapa untuk tak baik-baik saja
@FiersaBesari https://t.co/NS3kxr3epRâ€¦ https://t.co/bNmXLSgIM3";0;kadang kala tak mengapa untuk tak baik baik saja user cons3kxr3epr cobnmxlsgim3;['kadang', 'kala', 'tak', 'mengapa', 'untuk', 'tak', 'baik', 'baik', 'saja', 'user', 'cons3kxr3epr', 'cobnmxlsgim3'];['kadang', 'kala', 'tak', 'mengapa', 'untuk', 'tak', 'baik', 'baik', 'saja', 'user', 'cons3kxr3epr', 'cobnmxlsgim3'];kadang kala tak mengapa untuk tak baik baik saja user cons3kxr3epr cobnmxlsgim3;kadang kala tak untuk tak baik baik user cons3kxr3epr cobnmxlsgim3
35;@FiersaBesari Sangat tidak masuk akalğŸ™‚;0;user sangat tidak masuk akal;['user', 'sangat', 'tidak', 'masuk', 'akal'];['user', 'sangat', 'tidak', 'masuk', 'akal'];user sangat tidak masuk akal;user sangat masuk akal
36;@FiersaBesari mana sih kamu? Lama bangat ni nunggunyaa ğŸ˜­ #FiersaBesariLiveinKL;0;user mana sih kamu lama bangat ni nunggunyaa hashtag fiersa besari livein kl hashtag;['user', 'mana', 'sih', 'kamu', 'lama', 'bangat', 'ni', 'nunggunyaa', 'hashtag', 'fiersa', 'besari', 'livein', 'kl', 'hashtag'];['user', 'mana', 'sih', 'kamu', 'lama', 'bangat', 'ini', 'nunggunyaa', 'hashtag', 'fiersa', 'besari', 'livein', 'kalau', 'hashtag'];user mana sih kamu lama bangat ini nunggunyaa hashtag fiersa besari livein kalau hashtag;user mana sih kamu lama bangat nunggunyaa hashtag fiersa besar livein kalau hashtag
37;RT @FiersaBesari: Terima kasih karena telah berjuang sampai Semarang https://t.co/YQeMHzN8Rh;0;rt user terima kasih karena telah berjuang sampai semarang coyqemhzn8rh;['rt', 'user', 'terima', 'kasih', 'karena', 'telah', 'berjuang', 'sampai', 'semarang', 'coyqemhzn8rh'];['rt', 'user', 'terima', 'kasih', 'karena', 'telah', 'berjuang', 'sampai', 'semarang', 'coyqemhzn8rh'];rt user terima kasih karena telah berjuang sampai semarang coyqemhzn8rh;rt user terima kasih telah juang semarang coyqemhzn8rh
38;@NS_Billah @FiersaBesari @AngkasaSpace @ELMIELMO Makasih sayang ğŸ¤;0;user user user user makasih sayang;['user', 'user', 'user', 'user', 'makasih', 'sayang'];['user', 'user', 'user', 'user', 'makasih', 'sayang'];user user user user makasih sayang;user user user user makasih sayang
39;@fannysoegi @FiersaBesari @naufalbahir Judulnya apa kak,;0;user user user judulnya apa kak;['user', 'user', 'user', 'judulnya', 'apa', 'kak'];['user', 'user', 'user', 'judulnya', 'apa', 'kak'];user user user judulnya apa kak;user user user judul apa kak
40;RT @FiersaBesari: Jepretan @i_______yan https://t.co/T36I37hIej;0;rt user jepretan user cot36i37hiej;['rt', 'user', 'jepretan', 'user', 'cot36i37hiej'];['rt', 'user', 'jepretan', 'user', 'cot36i37hiej'];rt user jepretan user cot36i37hiej;rt user jepret user cot36i37hiej
41;"RT @FiersaBesari: â€œTolong keluar dari kepala, aku tak mau menjadi gila. Berpisah kita sakit, namun bersama, kita lebih terlukaâ€
.
â€” Melawanâ€¦";0;rt user tolong keluar dari kepala aku tak mau menjadi gila berpisah kita sakit namun bersama kita lebih terluka melawan;['rt', 'user', 'tolong', 'keluar', 'dari', 'kepala', 'aku', 'tak', 'mau', 'menjadi', 'gila', 'berpisah', 'kita', 'sakit', 'namun', 'bersama', 'kita', 'lebih', 'terluka', 'melawan'];['rt', 'user', 'tolong', 'keluar', 'dari', 'kepala', 'aku', 'tak', 'mau', 'menjadi', 'gila', 'berpisah', 'kita', 'sakit', 'namun', 'bersama', 'kita', 'lebih', 'terluka', 'melawan'];rt user tolong keluar dari kepala aku tak mau menjadi gila berpisah kita sakit namun bersama kita lebih terluka melawan;rt user keluar kepala aku tak mau jadi gila pisah sakit sama lebih luka lawan
42;@FiersaBesari Pelan;0;user pelan;['user', 'pelan'];['user', 'pelan'];user pelan;user pelan
43;@tanyakanrl @FiersaBesari WKWKWK;0;user user wkwkwk;['user', 'user', 'wkwkwk'];['user', 'user', 'wkwkwk'];user user wkwkwk;user user wkwkwk
44;"RT @FiersaBesari: â€œAku hanya seorang pengecut sedang jatuh hati, memberi perhatian tapi bukan kepastianâ€
.
Barusan waktu check sound, mencoâ€¦";1;rt user aku hanya seorang pengecut sedang jatuh hati memberi perhatian tapi bukan kepastian barusan waktu check sound menco;['rt', 'user', 'aku', 'hanya', 'seorang', 'pengecut', 'sedang', 'jatuh', 'hati', 'memberi', 'perhatian', 'tapi', 'bukan', 'kepastian', 'barusan', 'waktu', 'check', 'sound', 'menco'];['rt', 'user', 'aku', 'hanya', 'seorang', 'pengecut', 'sedang', 'jatuh', 'hati', 'memberi', 'perhatian', 'tapi', 'bukan', 'kepastian', 'barusan', 'waktu', 'check', 'sound', 'menco'];rt user aku hanya seorang pengecut sedang jatuh hati memberi perhatian tapi bukan kepastian barusan waktu check sound menco;rt user aku orang kecut sedang jatuh hati beri perhati bukan pasti barusan waktu check sound menco
45;"RT @nurulnyung_: @FiersaBesari Tidak saling menuntut namun sama-sama mengerti kekurangan diri dan senantiasa berusaha memperbaiki.
Tidak haâ€¦";0;rt user user tidak saling menuntut namun sama sama mengerti kekurangan diri dan senantiasa berusaha memperbaiki tidak ha;['rt', 'user', 'user', 'tidak', 'saling', 'menuntut', 'namun', 'sama', 'sama', 'mengerti', 'kekurangan', 'diri', 'dan', 'senantiasa', 'berusaha', 'memperbaiki', 'tidak', 'ha'];['rt', 'user', 'user', 'tidak', 'saling', 'menuntut', 'namun', 'sama', 'sama', 'mengerti', 'kekurangan', 'diri', 'dan', 'senantiasa', 'berusaha', 'memperbaiki', 'tidak', 'ha'];rt user user tidak saling menuntut namun sama sama mengerti kekurangan diri dan senantiasa berusaha memperbaiki tidak ha;rt user user saling tuntut sama sama erti kurang diri senantiasa usaha baik ha
46;@FiersaBesari aku sih cuma dpt jatuhnya aja g dpt kamuny;0;user aku sih cuma dpt jatuhnya aja dpt kamuny;['user', 'aku', 'sih', 'cuma', 'dpt', 'jatuhnya', 'aja', 'dpt', 'kamuny'];['user', 'aku', 'sih', 'cuma', 'dapat ', 'jatuhnya', 'saja', 'dapat ', 'kamuny'];user aku sih cuma dapat  jatuhnya saja dapat  kamuny;user aku sih cuma jatuh dapat kamuny
47;@FiersaBesari Masalah di tempat kerjaan gw kenapa bos nya pelit banget si padahal banyak uang tapi ke karyawan peliâ€¦ https://t.co/5yPg7koV8j;0;user masalah di tempat kerjaan gw kenapa bos nya pelit banget si padahal banyak uang tapi ke karyawan peli co5ypg7kov8j;['user', 'masalah', 'di', 'tempat', 'kerjaan', 'gw', 'kenapa', 'bos', 'nya', 'pelit', 'banget', 'si', 'padahal', 'banyak', 'uang', 'tapi', 'ke', 'karyawan', 'peli', 'co5ypg7kov8j'];['user', 'masalah', 'di', 'tempat', 'kerjaan', 'saya', 'kenapa', 'bos', 'nya', 'pelit', 'banget', 'sih', 'padahal', 'banyak', 'uang', 'tapi', 'ke', 'karyawan', 'peli', 'co5ypg7kov8j'];user masalah di tempat kerjaan saya kenapa bos nya pelit banget sih padahal banyak uang tapi ke karyawan peli co5ypg7kov8j;user masalah tempat kerja kenapa bos nya pelit banget sih padahal banyak uang ke karyawan pel co5ypg7kov8j
48;@FiersaBesari Cuma pengen banget, tapi ga kebangetan;0;user cuma pengen banget tapi ga kebangetan;['user', 'cuma', 'pengen', 'banget', 'tapi', 'ga', 'kebangetan'];['user', 'cuma', 'ingin', 'banget', 'tapi', 'tidak', 'kebangetan'];user cuma ingin banget tapi tidak kebangetan;user cuma banget tidak banget
49;@FiersaBesari Sekarang aku jadi tau, berjuang sendiri itu. . . . Bla bla bla seperti paranet;0;user sekarang aku jadi tau berjuang sendiri itu bla bla bla seperti paranet;['user', 'sekarang', 'aku', 'jadi', 'tau', 'berjuang', 'sendiri', 'itu', 'bla', 'bla', 'bla', 'seperti', 'paranet'];['user', 'sekarang', 'aku', 'jadi', 'tau', 'berjuang', 'sendiri', 'itu', 'bla', 'bla', 'bla', 'seperti', 'paranet'];user sekarang aku jadi tau berjuang sendiri itu bla bla bla seperti paranet;user sekarang aku jadi tau juang sendiri bla bla bla paranet
50;@fannysoegi @FiersaBesari @naufalbahir masa mas, om harusnya;0;user user user masa mas om harusnya;['user', 'user', 'user', 'masa', 'mas', 'om', 'harusnya'];['user', 'user', 'user', 'masa', 'mas', 'om', 'harusnya'];user user user masa mas om harusnya;user user user masa mas om harus
51;"RT @FiersaBesari: â€œKita perlu kecewa untuk tahu bahagia. Bukankah luka menjadikan kita saling menguatkan?â€
.
Terima kasih senang sendunya,â€¦";0;rt user kita perlu kecewa untuk tahu bahagia bukankah luka menjadikan kita saling menguatkan terima kasih senang sendunya;['rt', 'user', 'kita', 'perlu', 'kecewa', 'untuk', 'tahu', 'bahagia', 'bukankah', 'luka', 'menjadikan', 'kita', 'saling', 'menguatkan', 'terima', 'kasih', 'senang', 'sendunya'];['rt', 'user', 'kita', 'perlu', 'kecewa', 'untuk', 'tahu', 'bahagia', 'bukankah', 'luka', 'menjadikan', 'kita', 'saling', 'menguatkan', 'terima', 'kasih', 'senang', 'sendunya'];rt user kita perlu kecewa untuk tahu bahagia bukankah luka menjadikan kita saling menguatkan terima kasih senang sendunya;rt user perlu kecewa tahu bahagia bukankah luka jadi saling kuat terima kasih senang sendu
52;@fannysoegi @FiersaBesari @naufalbahir Tolong spill cover bukunya kak;0;user user user tolong spill cover bukunya kak;['user', 'user', 'user', 'tolong', 'spill', 'cover', 'bukunya', 'kak'];['user', 'user', 'user', 'tolong', 'spill', 'cover', 'bukunya', 'kak'];user user user tolong spill cover bukunya kak;user user user spill cover buku kak
53;RT @FiersaBesari: Sampai jumpa, Kuala Lumpur â¤ï¸ https://t.co/mAwzEzIHfv;0;rt user sampai jumpa kuala lumpur comawzezihfv;['rt', 'user', 'sampai', 'jumpa', 'kuala', 'lumpur', 'comawzezihfv'];['rt', 'user', 'sampai', 'jumpa', 'kuala', 'lumpur', 'comawzezihfv'];rt user sampai jumpa kuala lumpur comawzezihfv;rt user jumpa kuala lumpur comawzezihfv
54;"RT @nazmrd: â€œPasti kau temukan aku di Garis terdepan..â€

@FiersaBesari @ELMIELMO #FiersaBesariLiveInKL #healingbersamabung https://t.co/1sfâ€¦";0;rt user pasti kau temukan aku di garis terdepan user user hashtag fiersa besari live in kl hashtag hashtag healing bersama bung hashtag co1sf;['rt', 'user', 'pasti', 'kau', 'temukan', 'aku', 'di', 'garis', 'terdepan', 'user', 'user', 'hashtag', 'fiersa', 'besari', 'live', 'in', 'kl', 'hashtag', 'hashtag', 'healing', 'bersama', 'bung', 'hashtag', 'co1sf'];['rt', 'user', 'pasti', 'kau', 'temukan', 'aku', 'di', 'garis', 'terdepan', 'user', 'user', 'hashtag', 'fiersa', 'besari', 'live', 'in', 'kalau', 'hashtag', 'hashtag', 'healing', 'bersama', 'bung', 'hashtag', 'co1sf'];rt user pasti kau temukan aku di garis terdepan user user hashtag fiersa besari live in kalau hashtag hashtag healing bersama bung hashtag co1sf;rt user kau temu aku garis depan user user hashtag fiersa besar live in kalau hashtag hashtag healing sama bung hashtag co1sf
55;RT @FiersaBesari: Udah enggak bisa berhenti ğŸ¥º https://t.co/6Kx0f0Pj4R;0;rt user udah enggak bisa berhenti co6kx0f0pj4r;['rt', 'user', 'udah', 'enggak', 'bisa', 'berhenti', 'co6kx0f0pj4r'];['rt', 'user', 'sudah', 'enggak', 'bisa', 'berhenti', 'co6kx0f0pj4r'];rt user sudah enggak bisa berhenti co6kx0f0pj4r;rt user enggak henti co6kx0f0pj4r
56;"â€œPasti kau temukan aku di Garis terdepan..â€

@FiersaBesari @ELMIELMO #FiersaBesariLiveInKL #healingbersamabung https://t.co/1sfLGC2QdN";0;pasti kau temukan aku di garis terdepan user user hashtag fiersa besari live in kl hashtag hashtag healing bersama bung hashtag co1sflgc2qdn;['pasti', 'kau', 'temukan', 'aku', 'di', 'garis', 'terdepan', 'user', 'user', 'hashtag', 'fiersa', 'besari', 'live', 'in', 'kl', 'hashtag', 'hashtag', 'healing', 'bersama', 'bung', 'hashtag', 'co1sflgc2qdn'];['pasti', 'kau', 'temukan', 'aku', 'di', 'garis', 'terdepan', 'user', 'user', 'hashtag', 'fiersa', 'besari', 'live', 'in', 'kalau', 'hashtag', 'hashtag', 'healing', 'bersama', 'bung', 'hashtag', 'co1sflgc2qdn'];pasti kau temukan aku di garis terdepan user user hashtag fiersa besari live in kalau hashtag hashtag healing bersama bung hashtag co1sflgc2qdn;kau temu aku garis depan user user hashtag fiersa besar live in kalau hashtag hashtag healing sama bung hashtag co1sflgc2qdn
57;Hii sir @NA @koiltv @FiersaBesari https://t.co/lzyR9lTWk2;0;hii sir user user user colzyr9ltwk2;['hii', 'sir', 'user', 'user', 'user', 'colzyr9ltwk2'];['hii', 'sir', 'user', 'user', 'user', 'colzyr9ltwk2'];hii sir user user user colzyr9ltwk2;hii sir user user user colzyr9ltwk2
58;RT @yshqlz: Depan stage pergi sendiri. Jumpa member baru. Canâ€™t wait @FiersaBesari  @AngkasaSpace @ELMIELMO #FiersaBesariLiveinKL https://tâ€¦;0;rt user depan stage pergi sendiri jumpa member baru can wait user user user hashtag fiersa besari livein kl hashtag https;['rt', 'user', 'depan', 'stage', 'pergi', 'sendiri', 'jumpa', 'member', 'baru', 'can', 'wait', 'user', 'user', 'user', 'hashtag', 'fiersa', 'besari', 'livein', 'kl', 'hashtag', 'https'];['rt', 'user', 'depan', 'stage', 'pergi', 'sendiri', 'jumpa', 'member', 'baru', 'can', 'wait', 'user', 'user', 'user', 'hashtag', 'fiersa', 'besari', 'livein', 'kalau', 'hashtag', 'https'];rt user depan stage pergi sendiri jumpa member baru can wait user user user hashtag fiersa besari livein kalau hashtag https;rt user depan stage pergi sendiri jumpa member baru can wait user user user hashtag fiersa besar livein kalau hashtag https
59;@FiersaBesari @dsuperboy Dewasaku hanya ketika batinku merasa tersisih oleh keadaan dan teriris oleh realita, tapiâ€¦ https://t.co/fYTGVOUEWH;0;user user dewasaku hanya ketika batinku merasa tersisih oleh keadaan dan teriris oleh realita tapi cofytgvouewh;['user', 'user', 'dewasaku', 'hanya', 'ketika', 'batinku', 'merasa', 'tersisih', 'oleh', 'keadaan', 'dan', 'teriris', 'oleh', 'realita', 'tapi', 'cofytgvouewh'];['user', 'user', 'dewasaku', 'hanya', 'ketika', 'batinku', 'merasa', 'tersisih', 'oleh', 'keadaan', 'dan', 'teriris', 'oleh', 'realita', 'tapi', 'cofytgvouewh'];user user dewasaku hanya ketika batinku merasa tersisih oleh keadaan dan teriris oleh realita tapi cofytgvouewh;user user dewasa ketika batin rasa sisih ada iris realita cofytgvouewh
60;Depan stage pergi sendiri. Jumpa member baru. Canâ€™t wait @FiersaBesari  @AngkasaSpace @ELMIELMOâ€¦ https://t.co/npPVRYrBes;0;depan stage pergi sendiri jumpa member baru can wait user user user conppvryrbes;['depan', 'stage', 'pergi', 'sendiri', 'jumpa', 'member', 'baru', 'can', 'wait', 'user', 'user', 'user', 'conppvryrbes'];['depan', 'stage', 'pergi', 'sendiri', 'jumpa', 'member', 'baru', 'can', 'wait', 'user', 'user', 'user', 'conppvryrbes'];depan stage pergi sendiri jumpa member baru can wait user user user conppvryrbes;depan stage pergi sendiri jumpa member baru can wait user user user conppvryrbes
61;RT @FiersaBesari: Sampai jumpa, Kuala Lumpur â¤ï¸ https://t.co/mAwzEzIHfv;0;rt user sampai jumpa kuala lumpur comawzezihfv;['rt', 'user', 'sampai', 'jumpa', 'kuala', 'lumpur', 'comawzezihfv'];['rt', 'user', 'sampai', 'jumpa', 'kuala', 'lumpur', 'comawzezihfv'];rt user sampai jumpa kuala lumpur comawzezihfv;rt user jumpa kuala lumpur comawzezihfv
62;RT @FiersaBesari: Sampai jumpa, Kuala Lumpur â¤ï¸ https://t.co/mAwzEzIHfv;0;rt user sampai jumpa kuala lumpur comawzezihfv;['rt', 'user', 'sampai', 'jumpa', 'kuala', 'lumpur', 'comawzezihfv'];['rt', 'user', 'sampai', 'jumpa', 'kuala', 'lumpur', 'comawzezihfv'];rt user sampai jumpa kuala lumpur comawzezihfv;rt user jumpa kuala lumpur comawzezihfv
63;@acu_ct @FiersaBesari HAHAHAHAH SIAPA SURUH TAK PERGI HAHAHAHAğŸ˜‚ğŸ¤£;1;user user hahahahah siapa suruh tak pergi hahahaha;['user', 'user', 'hahahahah', 'siapa', 'suruh', 'tak', 'pergi', 'hahahaha'];['user', 'user', 'hahahahah', 'siapa', 'suruh', 'tak', 'pergi', 'hahahaha'];user user hahahahah siapa suruh tak pergi hahahaha;user user hahahahah siapa suruh tak pergi hahahaha
64;RT @FiersaBesari: Lagu Tulus kesukaanmu https://t.co/OHIFOot5hr;0;rt user lagu tulus kesukaanmu coohifoot5hr;['rt', 'user', 'lagu', 'tulus', 'kesukaanmu', 'coohifoot5hr'];['rt', 'user', 'lagu', 'tulus', 'kesukaanmu', 'coohifoot5hr'];rt user lagu tulus kesukaanmu coohifoot5hr;rt user lagu tulus suka coohifoot5hr
65;"RT @FiersaBesari: â€œKita perlu kecewa untuk tahu bahagia. Bukankah luka menjadikan kita saling menguatkan?â€
.
Terima kasih senang sendunya,â€¦";0;rt user kita perlu kecewa untuk tahu bahagia bukankah luka menjadikan kita saling menguatkan terima kasih senang sendunya;['rt', 'user', 'kita', 'perlu', 'kecewa', 'untuk', 'tahu', 'bahagia', 'bukankah', 'luka', 'menjadikan', 'kita', 'saling', 'menguatkan', 'terima', 'kasih', 'senang', 'sendunya'];['rt', 'user', 'kita', 'perlu', 'kecewa', 'untuk', 'tahu', 'bahagia', 'bukankah', 'luka', 'menjadikan', 'kita', 'saling', 'menguatkan', 'terima', 'kasih', 'senang', 'sendunya'];rt user kita perlu kecewa untuk tahu bahagia bukankah luka menjadikan kita saling menguatkan terima kasih senang sendunya;rt user perlu kecewa tahu bahagia bukankah luka jadi saling kuat terima kasih senang sendu
66;@lusinotluci @FiersaBesari BestnyaaağŸ˜­ğŸ˜­;0;user user bestnyaaa;['user', 'user', 'bestnyaaa'];['user', 'user', 'bestnyaaa'];user user bestnyaaa;user user bestnyaaa
67;Niatnya main mainn ehhh keterusan suka https://t.co/3koFMVZPNS;1;niatnya main mainn ehhh keterusan suka co3kofmvzpns;['niatnya', 'main', 'mainn', 'ehhh', 'keterusan', 'suka', 'co3kofmvzpns'];['niatnya', 'main', 'mainn', 'ehhh', 'keterusan', 'suka', 'co3kofmvzpns'];niatnya main mainn ehhh keterusan suka co3kofmvzpns;niat main mainn ehhh terus suka co3kofmvzpns
68;Healing bersama bung @FiersaBesari https://t.co/ZPZlbz8G2x;0;healing bersama bung user cozpzlbz8g2x;['healing', 'bersama', 'bung', 'user', 'cozpzlbz8g2x'];['healing', 'bersama', 'bung', 'user', 'cozpzlbz8g2x'];healing bersama bung user cozpzlbz8g2x;healing sama bung user cozpzlbz8g2x
69;RT @sukaseblk: @FiersaBesari yang perlu diperhatikan adalah sikap/tanggapan/reaksi kita untuk orang, bukan omongan/perilaku orang. gak usahâ€¦;0;rt user user yang perlu diperhatikan adalah sikap tanggapan reaksi kita untuk orang bukan omongan perilaku orang gak usah;['rt', 'user', 'user', 'yang', 'perlu', 'diperhatikan', 'adalah', 'sikap', 'tanggapan', 'reaksi', 'kita', 'untuk', 'orang', 'bukan', 'omongan', 'perilaku', 'orang', 'gak', 'usah'];['rt', 'user', 'user', 'yang', 'perlu', 'diperhatikan', 'adalah', 'sikap', 'tanggapan', 'reaksi', 'kita', 'untuk', 'orang', 'bukan', 'omongan', 'perilaku', 'orang', 'tidak', 'usah'];rt user user yang perlu diperhatikan adalah sikap tanggapan reaksi kita untuk orang bukan omongan perilaku orang tidak usah;rt user user perlu perhati sikap tanggap reaksi untuk orang bukan omong perilaku orang usah
70;@FiersaBesari Kadang berfikir klo kewarasan adalah taruhan ketika memilih bertahan, semoga yang aku pertahanin gakâ€¦ https://t.co/iKqk1tIP9Z;0;user kadang berfikir klo kewarasan adalah taruhan ketika memilih bertahan semoga yang aku pertahanin gak coikqk1tip9z;['user', 'kadang', 'berfikir', 'klo', 'kewarasan', 'adalah', 'taruhan', 'ketika', 'memilih', 'bertahan', 'semoga', 'yang', 'aku', 'pertahanin', 'gak', 'coikqk1tip9z'];['user', 'kadang', 'berfikir', 'kalau', 'kewarasan', 'adalah', 'taruhan', 'ketika', 'memilih', 'bertahan', 'semoga', 'yang', 'aku', 'pertahanin', 'tidak', 'coikqk1tip9z'];user kadang berfikir kalau kewarasan adalah taruhan ketika memilih bertahan semoga yang aku pertahanin tidak coikqk1tip9z;user kadang berfikir kalau waras taruh pilih tahan moga aku pertahanin coikqk1tip9z
71;RT @langkasuka_my: Jumpa malam ni semua!! @FiersaBesari @AngkasaSpace @HWLabs_io;0;rt user jumpa malam ni semua user user user;['rt', 'user', 'jumpa', 'malam', 'ni', 'semua', 'user', 'user', 'user'];['rt', 'user', 'jumpa', 'malam', 'ini', 'semua', 'user', 'user', 'user'];rt user jumpa malam ini semua user user user;rt user jumpa malam semua user user user
72;RT @ellyysni: Sampai ketemu nanti mas @FiersaBesari ğŸ’ƒğŸ»ğŸ•ºğŸ»@langkasuka_my https://t.co/WBH0LMV3UA;0;rt user sampai ketemu nanti mas user user cowbh0lmv3ua;['rt', 'user', 'sampai', 'ketemu', 'nanti', 'mas', 'user', 'user', 'cowbh0lmv3ua'];['rt', 'user', 'sampai', 'ketemu', 'nanti', 'mas', 'user', 'user', 'cowbh0lmv3ua'];rt user sampai ketemu nanti mas user user cowbh0lmv3ua;rt user ketemu mas user user cowbh0lmv3ua
73;@fannysoegi @naufalbahir Bukunya terlihat sudah beda lagi, padahal yang itu belum selesai ğŸ‘‹ğŸ¼;0;user user bukunya terlihat sudah beda lagi padahal yang itu belum selesai;['user', 'user', 'bukunya', 'terlihat', 'sudah', 'beda', 'lagi', 'padahal', 'yang', 'itu', 'belum', 'selesai'];['user', 'user', 'bukunya', 'terlihat', 'sudah', 'beda', 'lagi', 'padahal', 'yang', 'itu', 'belum', 'selesai'];user user bukunya terlihat sudah beda lagi padahal yang itu belum selesai;user user buku lihat beda padahal itu selesai
74;Jumpa kawan jap @FiersaBesari kat #FiersabesariliveinKL https://t.co/jCWuenHQaS;0;jumpa kawan jap user kat hashtag fiersabesarilivein kl hashtag cojcwuenhqas;['jumpa', 'kawan', 'jap', 'user', 'kat', 'hashtag', 'fiersabesarilivein', 'kl', 'hashtag', 'cojcwuenhqas'];['jumpa', 'kawan', 'jap', 'user', 'kat', 'hashtag', 'fiersabesarilivein', 'kalau', 'hashtag', 'cojcwuenhqas'];jumpa kawan jap user kat hashtag fiersabesarilivein kalau hashtag cojcwuenhqas;jumpa kawan jap user kat hashtag fiersabesarilivein kalau hashtag cojcwuenhqas
75;"RT @HWLabs_io: Jumpa nanti di Zepp, KL malam ini untuk Malam Galau Indonesia di Malaysia.

Maklumat mengenai konsert boleh dirujuk di @Angkâ€¦";0;rt user jumpa nanti di zepp kl malam ini untuk malam galau indonesia di malaysia maklumat mengenai konsert boleh dirujuk di user;['rt', 'user', 'jumpa', 'nanti', 'di', 'zepp', 'kl', 'malam', 'ini', 'untuk', 'malam', 'galau', 'indonesia', 'di', 'malaysia', 'maklumat', 'mengenai', 'konsert', 'boleh', 'dirujuk', 'di', 'user'];['rt', 'user', 'jumpa', 'nanti', 'di', 'zepp', 'kalau', 'malam', 'ini', 'untuk', 'malam', 'galau', 'indonesia', 'di', 'malaysia', 'maklumat', 'mengenai', 'konsert', 'boleh', 'dirujuk', 'di', 'user'];rt user jumpa nanti di zepp kalau malam ini untuk malam galau indonesia di malaysia maklumat mengenai konsert boleh dirujuk di user;rt user jumpa zepp kalau malam untuk malam galau indonesia malaysia maklumat kena konsert rujuk di user
76;"Salah satu fase terbaik manusia adalah ketika dia sudah bisa menertawakan masalalunya yang menyakitkan.
- bungâ€¦ https://t.co/hDBHdQ8dLL";0;salah satu fase terbaik manusia adalah ketika dia sudah bisa menertawakan masalalunya yang menyakitkan bung cohdbhdq8dll;['salah', 'satu', 'fase', 'terbaik', 'manusia', 'adalah', 'ketika', 'dia', 'sudah', 'bisa', 'menertawakan', 'masalalunya', 'yang', 'menyakitkan', 'bung', 'cohdbhdq8dll'];['salah', 'satu', 'fase', 'terbaik', 'manusia', 'adalah', 'ketika', 'dia', 'sudah', 'bisa', 'menertawakan', 'masalalunya', 'yang', 'menyakitkan', 'bung', 'cohdbhdq8dll'];salah satu fase terbaik manusia adalah ketika dia sudah bisa menertawakan masalalunya yang menyakitkan bung cohdbhdq8dll;salah satu fase baik manusia ketika sudah tertawa masalalunya sakit bung cohdbhdq8dll
77;RT @FiersaBesari: â€œTertawa lagi, tutupi sakit. Terasa sesak hingga tangis pun meledak. Ingin teriak, ingin didengar. Namun tersadar, tiadaâ€¦;0;rt user tertawa lagi tutupi sakit terasa sesak hingga tangis pun meledak ingin teriak ingin didengar namun tersadar tiada;['rt', 'user', 'tertawa', 'lagi', 'tutupi', 'sakit', 'terasa', 'sesak', 'hingga', 'tangis', 'pun', 'meledak', 'ingin', 'teriak', 'ingin', 'didengar', 'namun', 'tersadar', 'tiada'];['rt', 'user', 'tertawa', 'lagi', 'tutupi', 'sakit', 'terasa', 'sesak', 'hingga', 'tangis', 'pun', 'meledak', 'ingin', 'teriak', 'ingin', 'didengar', 'namun', 'tersadar', 'tiada'];rt user tertawa lagi tutupi sakit terasa sesak hingga tangis pun meledak ingin teriak ingin didengar namun tersadar tiada;rt user tertawa tutup sakit asa sesak hingga tangis ledak teriak dengar sadar tiada
78;Sabar yaa ges, sampai ketemu tanggal 4 November dengan bungÂ @fiersabesari https://t.co/8qKwOI3nN5;0;sabar yaa ges sampai ketemu tanggal date dengan bung user co8qkwoi3nn5;['sabar', 'yaa', 'ges', 'sampai', 'ketemu', 'tanggal', 'date', 'dengan', 'bung', 'user', 'co8qkwoi3nn5'];['sabar', 'iya', 'ges', 'sampai', 'ketemu', 'tanggal', 'date', 'dengan', 'bung', 'user', 'co8qkwoi3nn5'];sabar iya ges sampai ketemu tanggal date dengan bung user co8qkwoi3nn5;sabar iya ges ketemu tanggal date bung user co8qkwoi3nn5
79;RT @raditya_ok: @agstt @FiersaBesari Mulutku terkatup dan tak mampu bertutur, walau kepalaku berorasi riuh dalam tema merindu.;1;rt user user user mulutku terkatup dan tak mampu bertutur walau kepalaku berorasi riuh dalam tema merindu;['rt', 'user', 'user', 'user', 'mulutku', 'terkatup', 'dan', 'tak', 'mampu', 'bertutur', 'walau', 'kepalaku', 'berorasi', 'riuh', 'dalam', 'tema', 'merindu'];['rt', 'user', 'user', 'user', 'mulutku', 'terkatup', 'dan', 'tak', 'mampu', 'bertutur', 'walau', 'kepalaku', 'berorasi', 'riuh', 'dalam', 'tema', 'merindu'];rt user user user mulutku terkatup dan tak mampu bertutur walau kepalaku berorasi riuh dalam tema merindu;rt user user user mulut katup tak mampu tutur kepala orasi riuh tema rindu
80;@FiersaBesari Besok segitu;0;user besok segitu;['user', 'besok', 'segitu'];['user', 'besok', 'segitu'];user besok segitu;user besok segitu
81;RT @agitayuana: @FiersaBesari Semesta, aku sayang laki-laki ini. Kagum tidak ada batasnya. Berlebihan tapi nyata. Hari ini, apapun yg ada dâ€¦;0;rt user user semesta aku sayang laki laki ini kagum tidak ada batasnya berlebihan tapi nyata hari ini apapun yg ada;['rt', 'user', 'user', 'semesta', 'aku', 'sayang', 'laki', 'laki', 'ini', 'kagum', 'tidak', 'ada', 'batasnya', 'berlebihan', 'tapi', 'nyata', 'hari', 'ini', 'apapun', 'yg', 'ada'];['rt', 'user', 'user', 'semesta', 'aku', 'sayang', 'laki', 'laki', 'ini', 'kagum', 'tidak', 'ada', 'batasnya', 'berlebihan', 'tapi', 'nyata', 'hari', 'ini', 'apapun', 'yang', 'ada'];rt user user semesta aku sayang laki laki ini kagum tidak ada batasnya berlebihan tapi nyata hari ini apapun yang ada;rt user user semesta aku sayang laki laki kagum ada batas lebih nyata hari apa ada
82;RT @saifulzamir: Wahh bung @FiersaBesari menjuarai carta minggu ini. Malam ini juga bakal berlangsung #FiersaBesariLiveinKL wehuuu @Angkasaâ€¦;0;rt user wahh bung user menjuarai carta minggu ini malam ini juga bakal berlangsung hashtag fiersa besari livein kl hashtag wehuuu user;['rt', 'user', 'wahh', 'bung', 'user', 'menjuarai', 'carta', 'minggu', 'ini', 'malam', 'ini', 'juga', 'bakal', 'berlangsung', 'hashtag', 'fiersa', 'besari', 'livein', 'kl', 'hashtag', 'wehuuu', 'user'];['rt', 'user', 'wahh', 'bung', 'user', 'menjuarai', 'carta', 'minggu', 'ini', 'malam', 'ini', 'juga', 'bakal', 'berlangsung', 'hashtag', 'fiersa', 'besari', 'livein', 'kalau', 'hashtag', 'wehuuu', 'user'];rt user wahh bung user menjuarai carta minggu ini malam ini juga bakal berlangsung hashtag fiersa besari livein kalau hashtag wehuuu user;rt user wahh bung user juara carta minggu malam juga bakal langsung hashtag fiersa besar livein kalau hashtag wehuuu user
83;RT @saifulzamir: Wahh bung @FiersaBesari menjuarai carta minggu ini. Malam ini juga bakal berlangsung #FiersaBesariLiveinKL wehuuu @Angkasaâ€¦;0;rt user wahh bung user menjuarai carta minggu ini malam ini juga bakal berlangsung hashtag fiersa besari livein kl hashtag wehuuu user;['rt', 'user', 'wahh', 'bung', 'user', 'menjuarai', 'carta', 'minggu', 'ini', 'malam', 'ini', 'juga', 'bakal', 'berlangsung', 'hashtag', 'fiersa', 'besari', 'livein', 'kl', 'hashtag', 'wehuuu', 'user'];['rt', 'user', 'wahh', 'bung', 'user', 'menjuarai', 'carta', 'minggu', 'ini', 'malam', 'ini', 'juga', 'bakal', 'berlangsung', 'hashtag', 'fiersa', 'besari', 'livein', 'kalau', 'hashtag', 'wehuuu', 'user'];rt user wahh bung user menjuarai carta minggu ini malam ini juga bakal berlangsung hashtag fiersa besari livein kalau hashtag wehuuu user;rt user wahh bung user juara carta minggu malam juga bakal langsung hashtag fiersa besar livein kalau hashtag wehuuu user
84;Wahh bung @FiersaBesari menjuarai carta minggu ini. Malam ini juga bakal berlangsung #FiersaBesariLiveinKL wehuuuâ€¦ https://t.co/SwH8T3OKij;0;wahh bung user menjuarai carta minggu ini malam ini juga bakal berlangsung hashtag fiersa besari livein kl hashtag wehuuu coswh8t3okij;['wahh', 'bung', 'user', 'menjuarai', 'carta', 'minggu', 'ini', 'malam', 'ini', 'juga', 'bakal', 'berlangsung', 'hashtag', 'fiersa', 'besari', 'livein', 'kl', 'hashtag', 'wehuuu', 'coswh8t3okij'];['wahh', 'bung', 'user', 'menjuarai', 'carta', 'minggu', 'ini', 'malam', 'ini', 'juga', 'bakal', 'berlangsung', 'hashtag', 'fiersa', 'besari', 'livein', 'kalau', 'hashtag', 'wehuuu', 'coswh8t3okij'];wahh bung user menjuarai carta minggu ini malam ini juga bakal berlangsung hashtag fiersa besari livein kalau hashtag wehuuu coswh8t3okij;wahh bung user juara carta minggu malam juga bakal langsung hashtag fiersa besar livein kalau hashtag wehuuu coswh8t3okij
85;"RT @FiersaBesari: â€œKita perlu kecewa untuk tahu bahagia. Bukankah luka menjadikan kita saling menguatkan?â€
.
Terima kasih senang sendunya,â€¦";0;rt user kita perlu kecewa untuk tahu bahagia bukankah luka menjadikan kita saling menguatkan terima kasih senang sendunya;['rt', 'user', 'kita', 'perlu', 'kecewa', 'untuk', 'tahu', 'bahagia', 'bukankah', 'luka', 'menjadikan', 'kita', 'saling', 'menguatkan', 'terima', 'kasih', 'senang', 'sendunya'];['rt', 'user', 'kita', 'perlu', 'kecewa', 'untuk', 'tahu', 'bahagia', 'bukankah', 'luka', 'menjadikan', 'kita', 'saling', 'menguatkan', 'terima', 'kasih', 'senang', 'sendunya'];rt user kita perlu kecewa untuk tahu bahagia bukankah luka menjadikan kita saling menguatkan terima kasih senang sendunya;rt user perlu kecewa tahu bahagia bukankah luka jadi saling kuat terima kasih senang sendu
86;@tubbirfess @FiersaBesari  gmna bung?;0;user user gmna bung;['user', 'user', 'gmna', 'bung'];['user', 'user', 'bagaimana', 'bung'];user user bagaimana bung;user user bagaimana bung
87;"RT @Dadih_1986: @FiersaBesari Sama bang, mauku juga cuma satu, istiqomah dlm ketaqwaan, karena seperti janji Alloh ""Barangsiapa yg bertaqwaâ€¦";0;rt user user sama bang mauku juga cuma satu istiqomah dlm ketaqwaan karena seperti janji alloh barangsiapa yg bertaqwa;['rt', 'user', 'user', 'sama', 'bang', 'mauku', 'juga', 'cuma', 'satu', 'istiqomah', 'dlm', 'ketaqwaan', 'karena', 'seperti', 'janji', 'alloh', 'barangsiapa', 'yg', 'bertaqwa'];['rt', 'user', 'user', 'sama', 'bang', 'mauku', 'juga', 'cuma', 'satu', 'istiqomah', 'dalam', 'ketaqwaan', 'karena', 'seperti', 'janji', 'alloh', 'barangsiapa', 'yang', 'bertaqwa'];rt user user sama bang mauku juga cuma satu istiqomah dalam ketaqwaan karena seperti janji alloh barangsiapa yang bertaqwa;rt user user sama bang mau cuma satu istiqomah ketaqwaan seperti janji alloh barangsiapa bertaqwa
88;Jumpa malam ni semua!! @FiersaBesari @AngkasaSpace @HWLabs_io https://t.co/73XFwwxX5m;0;jumpa malam ni semua user user user co73xfwwxx5m;['jumpa', 'malam', 'ni', 'semua', 'user', 'user', 'user', 'co73xfwwxx5m'];['jumpa', 'malam', 'ini', 'semua', 'user', 'user', 'user', 'co73xfwwxx5m'];jumpa malam ini semua user user user co73xfwwxx5m;jumpa malam semua user user user co73xfwwxx5m
89;RT @ellyysni: Sampai ketemu nanti mas @FiersaBesari ğŸ’ƒğŸ»ğŸ•ºğŸ»@langkasuka_my https://t.co/WBH0LMV3UA;0;rt user sampai ketemu nanti mas user user cowbh0lmv3ua;['rt', 'user', 'sampai', 'ketemu', 'nanti', 'mas', 'user', 'user', 'cowbh0lmv3ua'];['rt', 'user', 'sampai', 'ketemu', 'nanti', 'mas', 'user', 'user', 'cowbh0lmv3ua'];rt user sampai ketemu nanti mas user user cowbh0lmv3ua;rt user ketemu mas user user cowbh0lmv3ua
90;#NowPlaying @FiersaBesari - Pengecut #THEGOODVIBES;0;hashtag now playing hashtag user pengecut hashtag thegoodvibes hashtag;['hashtag', 'now', 'playing', 'hashtag', 'user', 'pengecut', 'hashtag', 'thegoodvibes', 'hashtag'];['hashtag', 'now', 'playing', 'hashtag', 'user', 'pengecut', 'hashtag', 'thegoodvibes', 'hashtag'];hashtag now playing hashtag user pengecut hashtag thegoodvibes hashtag;hashtag now playing hashtag user kecut hashtag thegoodvibes hashtag
91;RT @FiersaBesari: Jepretan @i_______yan https://t.co/T36I37hIej;0;rt user jepretan user cot36i37hiej;['rt', 'user', 'jepretan', 'user', 'cot36i37hiej'];['rt', 'user', 'jepretan', 'user', 'cot36i37hiej'];rt user jepretan user cot36i37hiej;rt user jepret user cot36i37hiej
92;RT @FiersaBesari: Sampai jumpa, Kuala Lumpur â¤ï¸ https://t.co/mAwzEzIHfv;0;rt user sampai jumpa kuala lumpur comawzezihfv;['rt', 'user', 'sampai', 'jumpa', 'kuala', 'lumpur', 'comawzezihfv'];['rt', 'user', 'sampai', 'jumpa', 'kuala', 'lumpur', 'comawzezihfv'];rt user sampai jumpa kuala lumpur comawzezihfv;rt user jumpa kuala lumpur comawzezihfv
93;"RT @FiersaBesari: â€œMelihatmu tersenyum, walau tak pernah berbalas. Bahagiamu juga bahagiakuâ€
.
Terima kasih, Cimahi. Intim sekali â¤ï¸ https:â€¦";0;rt user melihatmu tersenyum walau tak pernah berbalas bahagiamu juga bahagiaku terima kasih cimahi intim sekali https;['rt', 'user', 'melihatmu', 'tersenyum', 'walau', 'tak', 'pernah', 'berbalas', 'bahagiamu', 'juga', 'bahagiaku', 'terima', 'kasih', 'cimahi', 'intim', 'sekali', 'https'];['rt', 'user', 'melihatmu', 'tersenyum', 'walau', 'tak', 'pernah', 'berbalas', 'bahagiamu', 'juga', 'bahagiaku', 'terima', 'kasih', 'cimahi', 'intim', 'sekali', 'https'];rt user melihatmu tersenyum walau tak pernah berbalas bahagiamu juga bahagiaku terima kasih cimahi intim sekali https;rt user lihat senyum tak pernah balas bahagia bahagia terima kasih cimahi intim sekali https
94;RT @FiersaBesari: Terima kasih karena telah berjuang sampai Semarang https://t.co/YQeMHzN8Rh;0;rt user terima kasih karena telah berjuang sampai semarang coyqemhzn8rh;['rt', 'user', 'terima', 'kasih', 'karena', 'telah', 'berjuang', 'sampai', 'semarang', 'coyqemhzn8rh'];['rt', 'user', 'terima', 'kasih', 'karena', 'telah', 'berjuang', 'sampai', 'semarang', 'coyqemhzn8rh'];rt user terima kasih karena telah berjuang sampai semarang coyqemhzn8rh;rt user terima kasih telah juang semarang coyqemhzn8rh
95;@FiersaBesari pelan tapi pasti;0;user pelan tapi pasti;['user', 'pelan', 'tapi', 'pasti'];['user', 'pelan', 'tapi', 'pasti'];user pelan tapi pasti;user pelan pasti
96;@ahmadaffann @FiersaBesari aku tolong promoteeeee xD;0;user user aku tolong promoteeeee laugh;['user', 'user', 'aku', 'tolong', 'promoteeeee', 'laugh'];['user', 'user', 'aku', 'tolong', 'promoteeeee', 'laugh'];user user aku tolong promoteeeee laugh;user user aku promoteeeee laugh
97;RT @FiersaBesari: Sampai jumpa, Kuala Lumpur â¤ï¸ https://t.co/mAwzEzIHfv;0;rt user sampai jumpa kuala lumpur comawzezihfv;['rt', 'user', 'sampai', 'jumpa', 'kuala', 'lumpur', 'comawzezihfv'];['rt', 'user', 'sampai', 'jumpa', 'kuala', 'lumpur', 'comawzezihfv'];rt user sampai jumpa kuala lumpur comawzezihfv;rt user jumpa kuala lumpur comawzezihfv
98;@Miduk17 @FiersaBesari Om  ikut dong om GPP deh kerja jadi buzzer drpd makin sulit nyari uang, katanya sih mau bikiâ€¦ https://t.co/vTRQs11RdK;0;user user om ikut dong om gpp deh kerja jadi buzzer drpd makin sulit nyari uang katanya sih mau biki covtrqs11rdk;['user', 'user', 'om', 'ikut', 'dong', 'om', 'gpp', 'deh', 'kerja', 'jadi', 'buzzer', 'drpd', 'makin', 'sulit', 'nyari', 'uang', 'katanya', 'sih', 'mau', 'biki', 'covtrqs11rdk'];['user', 'user', 'om', 'ikut', 'dong', 'om', 'baik', 'deh', 'kerja', 'jadi', 'buzzer', 'daripada', 'makin', 'sulit', 'mencari', 'uang', 'katanya', 'sih', 'mau', 'biki', 'covtrqs11rdk'];user user om ikut dong om baik deh kerja jadi buzzer daripada makin sulit mencari uang katanya sih mau biki covtrqs11rdk;user user om ikut dong om baik deh kerja jadi buzzer makin sulit cari uang kata sih mau bik covtrqs11rdk
99;@fs_andika @FiersaBesari Om buzzer ya, ikut dong om GPP deh kerja jadi buzzer drpd makin sulit nyari uang, katanyaâ€¦ https://t.co/pLd1FIVHBK;0;user user om buzzer ya ikut dong om gpp deh kerja jadi buzzer drpd makin sulit nyari uang katanya copld1fivhbk;['user', 'user', 'om', 'buzzer', 'ya', 'ikut', 'dong', 'om', 'gpp', 'deh', 'kerja', 'jadi', 'buzzer', 'drpd', 'makin', 'sulit', 'nyari', 'uang', 'katanya', 'copld1fivhbk'];['user', 'user', 'om', 'buzzer', 'iya', 'ikut', 'dong', 'om', 'baik', 'deh', 'kerja', 'jadi', 'buzzer', 'daripada', 'makin', 'sulit', 'mencari', 'uang', 'katanya', 'copld1fivhbk'];user user om buzzer iya ikut dong om baik deh kerja jadi buzzer daripada makin sulit mencari uang katanya copld1fivhbk;user user om buzzer iya ikut dong om baik deh kerja jadi buzzer makin sulit cari uang kata copld1fivhbk
